species,tribe,body_PC1,body_PC2,LPJ_PC1,LPJ_PC2,UOJ_PC1,UOJ_PC2,d13C,d15N
Altcal,lampr,-0.0135716333613037,-0.0341870459644487,-0.122502797150536,-0.00298405872102495,0.0360522339456186,-0.0074761708003968,-19.0251607,6.0243768574
Altcom,lampr,-0.029809255308482,-0.0364889596200741,-0.160839784313416,0.00275722083738368,0.0385327896945626,-0.0169211287809677,-18.923983018,6.2418943648
Altfas,lampr,0.0326316749096606,-0.00727314060991962,-0.0424889662328938,0.0722363259457271,0.0158902899988618,-0.00331440624022388,-17.422817139,6.9002044273
Altshe,lampr,-0.0167096418001131,-0.0469914836273479,-0.0389292696654594,0.0336188665282838,0.0315941686847456,-0.0172525138500917,-21.98995965,6.2295946522
Asplep,ectod,0.0545151011829908,0.0581210669967815,-0.00106118421003696,-0.0217923491345448,-0.0227434833083437,0.0157616885470054,-11.878089309,5.0317660493
Auldew,ectod,-0.0136624090628069,-0.0518568651322077,-0.0707328278027451,-0.015013093600459,0.00641858511966082,-0.0165418574743523,-20.65928126,6.4618133279
Baicen,limno,0.0506879381392468,0.00071457778001593,-0.0597650527823033,0.0335345208601269,0.0321384307238072,0.00528206091446255,-20.013447743,8.2598496081
Batfas,bathy,0.0584525895773267,0.0122358483674288,-0.175517636896376,0.0608717480739003,-0.0154278001851589,-0.0111199534073814,-20.609271074,7.6374328089
Batfer,bathy,0.0338833217670381,-0.00885269962249983,-0.172292914483515,0.0500715408185126,-0.00644218106770492,-0.0137219170794606,-20.660474139,7.2532573365
Batgra,bathy,0.0138813237570638,-0.032061171906311,-0.181191042046654,0.0319805208988292,-0.00346109643749524,-0.0174952547634026,-19.748877857,8.6971870107
Bathor,bathy,0.0341285728775648,-0.00389073610603369,-0.146850509032896,0.0815694963592205,-0.0112706496709505,-0.0149519553447933,-19.25700704,8.868197954
Batleo,bathy,0.0400841430319347,-0.01469415959409,-0.193524310610132,0.0569135134947209,-0.00483862504905719,-0.0139878411411701,-20.898033986,8.3800898782
Batmin,bathy,0.0283917017000202,-0.0586409784883134,-0.171415124489489,0.0207467927912884,-4.9788918362565e-05,-0.021941264212992,-19.882724674,7.4910212632
Batvit,bathy,0.0345481138794942,-0.00916198402438454,-0.198755636103016,0.0692355863023553,-0.00598444607268213,-0.0222261069006524,-20.085564493,8.7202119675
BenhoM,benth,0.0538744062447451,-0.00972686192780642,-0.102864166042825,-0.00250673335150138,0.0223068690609481,0.0191455439380129,-21.559194205,6.8859251868
Benhor,benth,0.0458831678042215,-0.0201292331826302,-0.118489503002773,-0.0217105652198414,0.0215196413660347,0.0200491454246092,-20.721574281,6.7368355582
Benmel,benth,0.047829992254605,-0.0225395824451294,-0.112759145799777,-0.0224608299738354,0.0243304728961173,0.0175677918228763,-21.30843054,5.7381319814
Bentri,benth,0.0445847947587146,-0.0241954372573442,-0.120864253871094,-0.0241905878597733,0.0260705922645582,0.016351901000677,-22.109533942,6.1352916032
Boumic,boule,0.0118664017069981,-0.00431259712904776,-0.091454784657846,0.052196910118219,0.0010858499874241,-0.00422708795149805,-20.331270122,7.3965491622
Calmac,ectod,-0.0328750944049162,-0.0182773849493254,-0.0159803731687027,-0.0227726089737302,0.00131202842368551,0.00927201295962166,-16.678749375,6.9763010632
Calmel,ectod,-0.0201075010937796,-0.00999912336612968,-0.0375360291267327,-0.0139427495844085,0.00157716278356497,0.00907068068150408,-18.205513251,8.8899148997
Calple,ectod,0.0031836468826091,-0.0102993788690668,-0.00348243587220085,0.0213840941381159,0.00240130178802901,0.00548432336965129,-16.53889526,8.5750194667
Carsch,ectod,0.00887338054929455,-0.00695054422902972,0.00241516367149885,-0.17530056943634,-0.00841405393459666,0.00609732151606797,-15.672282994,6.916287206
Chabif,lampr,0.0331585246193287,0.0438517264020297,0.144374960059121,0.0605106942130708,-0.00759505217830516,0.0172266370000145,-15.922728437,6.6050458276
Chabri,lampr,0.0103434870488247,0.0386467601719784,0.154339679706306,0.0328366053902783,-0.00841394390703955,0.0166071844714324,-13.628324077,6.563156864
Chacya,lampr,0.028571627795675,0.0446195358015234,0.115854295098388,0.013733956765856,-0.00743864444534264,0.0137135977905723,-20.273886582,5.921893425
Chando,lampr,0.00710430735270693,0.0391390321445666,0.158742459213888,0.0379763154470646,-0.00855015415738367,0.0124127058464934,-15.785484652,6.4712268344
Cphfr5,cypho,-0.0826481378807785,-0.021175503054545,0.00374365027780148,0.00734343059407432,0.00442541344029671,-0.00219944206463936,-21.180815207,8.4533763436
Cphfro,cypho,-0.0771194996663324,-0.0150198161848542,0.00521176009159558,0.00404655046565918,0.0043474212903862,-0.00374133610687889,-20.740367881,6.9809339214
Cphgib,cypho,-0.104141176599219,-0.0309704496751732,0.0147510864716616,-0.0140536224942715,0.00686077612144883,-0.00331856492559385,-20.561305115,7.8045529436
Cteben,cypho,-0.0363136836120147,-0.0376383712651692,0.0165876283192723,0.0384026796172416,0.035413521851447,-0.0018136442194174,NA,NA
Ctehor,troph,-0.0275987306349039,-0.0348683342257509,-0.0487227014734289,-0.0398382800347512,0.0171568513049064,0.00125200894487157,-18.119185577,7.9673187301
Cunlon,ectod,-0.0271460820359844,-0.026130282920885,0.00796518716351337,-0.11006729891331,-0.0082360534886238,-0.0085467457157915,-14.460601486,5.0183798229
Cyafoa,ectod,-0.0254549502215251,-0.0145151506895779,0.000675720402110974,-0.178522129158506,-0.012025295311338,0.00312774048019897,-15.954701609,4.8045595045
Cyafur,ectod,-0.0211899590765568,-0.0161610871843108,-0.00806027076886261,-0.182403753495384,-0.0108383117713309,-0.00278112645343992,-13.490027761,4.4908447041
Cypcol,cypri,0.054069807861153,-0.0208117924069619,-0.0630011199953593,0.0241004626296032,0.0375118024416693,0.0220469913715292,-21.633638707,6.85365154
Cypdwj,cypri,0.0689826332242638,-0.0128097761501874,-0.0683254348321461,0.026852519028876,0.033140953688041,0.020907716133556,-22.08464689,6.5260842653
Cypkan,cypri,0.0506021975606392,-0.0210457656802172,-0.0644244945031356,0.0341895814996361,0.0310539129284796,0.0164706296430162,-21.6507213,7.0750048162
Cyplep,cypri,0.0630257278308258,-0.0234549709302245,-0.0323179318099305,0.0488520939270841,0.0365347139966157,0.0228873520218082,-22.450108046,6.4739194637
Cypmic,cypri,0.0747576276553439,-0.0176049182378832,-0.0695559658099486,0.03041413216626,0.0402840966538847,0.0214578953155987,-21.26720013,8.0229481535
Cyppav,cypri,0.0610898967943339,-0.0175136600282084,-0.0757455960707018,0.0198521084342979,0.0391333899593495,0.0222668525471212,-21.522434834,6.7333536142
Cypzon,cypri,0.0462672572765514,-0.0409360264036171,-0.0778718333330694,0.00717752414132046,0.0460805071716568,0.0210089242924962,-21.644743986,7.1614998058
Ectdes,ectod,0.00255900493959974,-0.0117162089969597,0.00111412573785765,0.00572333296909563,-0.00464943615472639,0.00658513038176995,-17.978648643,5.8201946192
EctspN,ectod,0.0206324960757025,-0.00617878627967123,0.0114786062778529,-0.0100977154361832,-0.0011376601000799,0.0115649191442294,-19.165146335,6.9247060694
Enamel,ectod,0.0868577487538954,0.0371248423110463,-0.0560973748723494,0.00524512506593777,0.0148433939238113,0.0121968566886298,-19.201374794,5.9565607114
Erecya,eretm,-0.0525705120167623,0.00809092180276984,0.0432506525056645,-0.0346464660366632,-0.003210867490786,0.000733731717672602,-10.0583058767,4.3311313177
Eremar,eretm,-0.0292842519792757,0.0176220963591936,0.0768351836704665,-0.0104144445909284,-0.00428415586588642,0.00346359236428461,-14.945994758,5.9660382561
Gnaper,limno,-0.0252289563191648,-0.0269416649658572,-0.0885150155187605,-0.00934155880222316,0.0369178841194666,-0.00954738076615194,-19.485705037,6.9234650766
Gnapfe,troph,-0.039300656098225,-0.0227346353739739,-0.0914381429562357,-0.0147242051838728,0.019675377780324,0.00401224210389872,-18.747440855,6.4887278481
Gralem,ectod,0.0334830181085671,0.00100816658494945,-0.0411931077797022,-0.0485065727408418,0.00108985397855399,0.0104638403672754,-19.274299484,7.5356178318
Gwcabe,limno,-0.0145626776658542,-0.00566505623964178,-0.0261076283014267,0.0731685676823924,-0.0100147690446066,-0.0096382777231581,-19.866995998,8.8650390671
Gwcbel,limno,-0.00437571832663308,-0.0500844245065576,-0.111716256427393,0.0160482197072213,0.0248337123808054,-0.00719431371731377,-20.129774167,7.9997619776
Gwcchr,limno,-0.0287031582473027,-0.0390416185939327,-0.0581612263460668,0.0369469835542683,0.0137896558401233,-0.0149935982895996,-19.93526666,8.9140110333
Gwcsta,limno,-0.0470196732984309,-0.0335838917939686,-0.0697372726777918,-0.0432223094387449,0.00797793102168322,-0.0165939662440846,-19.809562159,8.1034317953
Hapmic,peris,0.0516283782527089,-0.0166335631488471,-0.0820570758852353,-0.000670490526215464,0.00589359099705852,-0.0040761972902195,-19.901161293,6.6515992376
Hemste,bathy,0.00913807101820584,-0.058648258612945,-0.182720416656559,-0.0249341862212154,0.0131428776292393,-0.00786198641907558,-21.1950603055556,6.85331121533333
HemstZ,bathy,-0.00060408340830099,-0.0558463668260404,-0.204833771700729,-0.00296230196514547,0.00994918912021292,-0.00948421750744702,-20.377632105,8.2615815765
Intloo,troph,-0.068850391264597,-0.014937587559022,-0.00399556702000288,-0.1241973960613,-0.0101236062707165,-0.0043839190876178,-14.824841337,4.6439893404
Juldic,lampr,0.0279296992348309,0.0402039506541982,0.13311169524449,0.0612311320861049,-0.0012059860283257,0.0184941712969862,-18.888506973,6.8920613558
Julkom,lampr,0.040109534862167,0.0338172682875314,0.139028112483008,0.0592182383721182,0.00143110818584175,0.015389730146157,-19.999094376,6.5034954634
JulmaN,lampr,0.0316976132141186,0.0411513113391203,0.117552548968538,0.0698713342155392,-0.00151545882952803,0.0144398978652551,-21.163133478,7.3304951247
JulmaS,lampr,0.017162148280375,0.0423035915393908,0.120166916513492,0.0542597691199607,-0.0036299237256565,0.0135592179839974,-20.756765785,6.5749548603
Julmrk,lampr,0.035375980253107,0.0431149575389831,0.116254849857299,0.059924493535091,-0.000878628377437255,0.0168165418774267,-19.960880287,6.4999811612
Julorn,lampr,0.0431392778453358,0.0428276915961069,0.137904965241934,0.0602091843742668,-0.000156618440436964,0.0157091709473238,-19.023780325,6.6854288116
Julreg,lampr,0.0267851973669888,0.0446639267675295,0.126352805296246,0.0651334282208028,-0.00202888453948886,0.0158450785362111,-18.990345194,6.5534593594
JulreK,lampr,0.0248844525204596,0.0464702013775624,0.110438194750744,0.0734715187497017,-0.000423711114399998,0.0124036766897777,-21.171242052,6.7145295421
Julunt,lampr,0.0145966713559098,0.0218114377184006,0.113654955719745,0.0810096991632401,0.00803315183956408,0.0158463453410203,-21.8666262355556,6.14386861111111
Lamcal,lampr,0.0261299699483672,-0.00536131370304417,-0.051057691116899,0.0343541157153856,0.0110452409914628,-0.0135120112578429,-19.150427463,6.6952498575
Lamfin,lampr,0.0223417784291122,0.00870299381238818,NA,NA,0.00014645423465149,-0.00785403926925046,NA,NA
Lamkun,lampr,0.0308770235086409,-0.00543575065690461,0.032778589391987,0.0237143151477753,0.000991173499007224,-0.0102860895536972,-20.3799327622222,8.18614320777778
Lamlem,lampr,0.00436278130910057,-0.0263038796763934,0.0596619313094354,0.0949778528495043,0.0282624634281461,-0.0184940549465467,-17.447750866,7.072657176
Lammel,lampr,0.0286838222482061,-0.0195995095903943,0.0566288298181494,0.0540642426519451,0.0107722688724856,-0.00229553573352251,-18.910310755,5.6225781623
Lamoce,lampr,0.00215680355452474,-0.0161042145978487,0.00740243389645106,0.0360726821027106,0.00884032778363432,-0.0286444921299408,-18.842333081,6.1669585893
LamorC,lampr,0.056056044976587,0.0119623690655715,0.069903065078955,0.0172266121072017,0.00165132358343175,0.00397438760044149,-20.83912568,7.60976488
Lamorn,lampr,0.0412388048876979,-0.00182828157206925,0.0405624879662921,0.0324205834997185,0.00315523967298286,-0.00494545077744636,-21.044220934,7.6949287326
LamorS,lampr,0.0355761446743607,-0.0020559232154726,0.0613170707745055,0.0216958862321819,0.00272361754315309,-0.00637308510609969,-19.6213809411111,7.45585942322222
Lamsig,lampr,0.0392170804012684,-0.0123424547972153,0.0145796292735507,0.0241715958215181,0.00682530368380487,-0.00907007969338746,-20.410208496,5.9982127784
Lamspe,lampr,0.00327673630288599,-0.0147463198469976,-0.00696344304446476,0.0481441162541129,0.0093362112915691,-0.0260957761262353,-19.551950802,6.2031451689
Lchaur,limno,-0.0155132027709563,-0.0112225804717964,0.00659915737534498,-0.0659310339086977,0.00948070119821506,-0.00358178793323968,-20.319767013,7.3853613108
Lepatt,lampr,0.0437710255446169,0.0143543165547641,-0.0188187458389783,0.110227007521773,-0.00785513702484677,-0.00919583306071671,-19.944393617,7.2808319641
Lepcun,lampr,0.0265095403559628,0.0232713983384401,0.0529039755223995,0.0573073184275128,0.00224311414266417,0.00271409726247724,-20.247715664,7.7747464633
Lepelo,lampr,0.00491944740143239,0.00428393091642812,-0.0688619341958907,0.132050666125537,-0.00833942164180394,-0.00869134262964915,-18.962498466,7.7076785457
Lepkam,lampr,0.0276464146245946,0.0216051555860889,-0.0498392374945783,0.122986576301205,-0.0108328020474822,-0.0113111930924241,-19.320419273,7.6446461564
Lepken,lampr,0.030744928269382,0.0211959101909446,-0.0547997463967984,0.116274627143917,-0.00982840091833452,-0.00624956460858735,-20.022741383,7.5627340012
LepmeK,lampr,0.0505547169125672,0.0185969577163648,-0.0255305126517835,0.0961215576081583,-0.0058065605913578,0.00075069245121664,-20.732606197,6.7943217828
Lepmim,lampr,0.0256241106260586,0.0200628877154447,-0.0564428847411067,0.126631610307195,-0.0095094336606638,-0.0130368201679632,-20.399893111,7.3226819047
Lepnka,lampr,0.0370470322005784,0.0264872944766038,NA,NA,-0.0121724699861586,-0.012995650144323,NA,NA
Leppro,lampr,0.014173771582407,0.0187806221594787,-0.129033098578851,0.134470404235978,-0.0103847017935968,-0.0182251449818409,-19.668272385,7.8198083996
Lesper,ectod,0.0174547581308258,-0.00106749825774771,0.0422000810343267,-0.069586029103855,-0.00927698086619328,0.00732397180005214,-20.163775564,5.6178947506
Lessta,ectod,0.0369357236769988,0.010263804536978,0.0411568149324015,-0.0504304568288793,-0.00694241745210658,0.0099760235573155,-23.368738605,5.8612486546
Limdar,troph,-0.0232328611046805,0.00291266293798142,-0.011771857689871,-0.0523210684997919,-0.0118351145506885,0.00592462267766991,-18.810979499,7.0258305811
Loblab,troph,-0.0588197316376888,-0.0323591629731442,0.0309266920921096,-0.0736252461222608,0.0208464634355617,0.0064940934010053,-16.060018566,7.3624232092
Mdcrot,ectod,0.0401747931261279,-0.00161609284412895,-0.0401434774506586,0.0449385767536869,-0.00183382210071754,0.00906565577005538,-23.297479541,6.0484737112
Mdcten,ectod,0.049165466509369,0.00439675713802257,-0.0419524204932602,0.00866920390292542,0.00142867383867436,0.0116882799125855,-22.046035679,6.2749849071
Neobif,lampr,0.00624905884892922,-0.0242793832008565,0.0376508542564199,0.066315838022117,0.0209610119025569,-0.01160246774516,-20.250854736,7.6680899049
Neobou,lampr,0.0193016998688711,-0.00730928075704295,0.0430356625525871,0.117525313170563,-6.79287869984271e-06,-0.0196602937238117,-19.787674445,6.9303366214
Neobre,lampr,-0.00737377988286072,-0.0387613281775825,-0.0408792096123458,0.031162673759464,0.0159902650742991,-0.0130110751615971,-21.6562357,6.3367524193
Neobri,lampr,0.0059354710701868,-0.00971739235703732,0.00633630864006411,0.0379192437293103,0.0138310955178568,0.000895029932211545,-21.89534005,7.5925586183
NeobrM,lampr,0.00113383130579109,-0.0336388182033346,-0.0333395806017702,0.030029169582592,0.0177473486819609,-0.0218796032106326,-22.006922525,6.7918741509
Neobue,lampr,0.0318470721865068,-0.0124497664114893,-0.0278269730371252,0.0383125657497317,0.01551373639836,-0.00277383512879743,-22.188724182,6.9178862022
NeocaK,lampr,0.00626238270182943,-0.00912942780478493,0.0471459904579345,0.0197440801637937,0.00831190984505654,-0.00185344736252681,-15.806545456,7.0159610691
Neocal,lampr,0.0105128893024371,-0.0259620981540193,-0.0472741434048696,0.0223896495392465,0.0178265164842142,-0.0121394812119396,-21.612122484,6.9103968802
Neocan,lampr,0.0416579848522318,0.0403013832634975,0.0288402225471204,0.031801718474369,-0.00937985146771661,0.00769663235189024,-16.30024331,6.767614529
Neocau,lampr,0.0130863563453847,-0.0155630827927832,0.023754762711801,0.0436748391316488,0.00669606150337247,-0.00141845296694448,-22.198317853,6.264649705
Neochi,lampr,0.0155433716204196,-8.62438718098174e-05,0.039616407950039,-0.008976150562109,0.0093016990191469,-0.000790023484526222,-19.281866412,6.1653060321
Neochr,lampr,0.00736031577752574,0.0268474109974544,0.0760194832840183,0.0134495492967583,0.000185343804277473,0.000733649022071188,-16.191654461,7.0140554464
Neocra,lampr,0.00781482057306802,0.00117248554376329,0.0402907544933932,0.0385892520433046,0.00882263149003881,0.00128771101171961,-23.129121752,6.0850656235
Neocyg,lampr,0.00673231219829147,-0.0109007726938557,0.0524211534258919,-0.00331779899279078,0.0108365369707328,-0.00385367576942887,-17.944149664,6.6742020596
Neocyl,lampr,0.0439019296829803,0.015972370314719,0.0404341382282292,0.0581555897350262,0.0130006548855351,-0.000805683936024506,-19.329299204,6.948954587
Neoese,lampr,0.0108896149999439,0.0183511372901009,0.0967340923525766,-0.000981733594495862,0.00392925961794259,0.00176869676898918,-13.3919605234,6.8888355965
Neofal,lampr,0.00235052709627555,-0.0110474977792448,0.0183625017296528,-0.0109153257703548,0.0116146496317352,-0.00253867391732276,-20.704110704,7.5236347221
NeofaM,lampr,0.016283122255254,-0.00119308534523236,0.028975539353343,0.0520152547591719,0.0112034861381208,0.0030887413922236,-22.3524777154545,5.77379723827273
Neofur,lampr,0.0267475250879861,0.0200464957886782,0.0362802669589567,0.0718406589050308,0.0111377732180042,-0.00626092127779489,-19.424232348,7.1122481987
NeofuU,lampr,0.0493250878636728,0.0297866803607056,0.0260464040970201,0.0658740705592819,0.00816599849188574,-0.00402941052343762,-18.247372969,7.2167136411
Neogra,lampr,0.0173018637147085,-0.00940883301230757,0.0631685937305177,0.0110402162879944,0.0104667926226997,0.00413260460584648,-21.644027489,6.0029050259
NeogrM,lampr,0.0236369752611695,0.00839693743724061,0.0652790453796601,-0.0159367811154556,0.00863436521240198,0.000701411039592268,-21.669567528,6.0699608841
Neohel,lampr,0.00205193012486243,-0.0160437097407978,0.0426831853110579,0.0329960647185139,0.0136199863422775,0.00319241304205285,-18.000200594,6.4257712925
Neokom,lampr,-0.00818651419229888,-0.0208053206612629,0.0295661326284137,0.0173917949791315,0.01616796913246,-0.00332621877442501,-19.258700529,6.4938277293
Neolap,lampr,0.0372626545226605,-0.0106225281383879,0.0137555074227918,0.0290477048463748,0.00467440223630741,-0.00642228848272294,-18.162904517,6.4223330713
NeoleL,lampr,0.0116015752521037,0.0131317075795856,0.043325080845385,0.0224548296005652,0.0153008718239617,0.000690033987200557,-19.695867492,5.9272585848
Neoleu,lampr,0.0388936305934141,0.0144019476304218,0.0568965246552699,0.0178496313483224,0.0203074731228738,0.00347005409447631,-19.792161841,6.2119835138
Neolou,lampr,0.0317737824367493,0.00216408310391179,0.0178333811744442,0.0555819852310947,0.00567164933161425,0.000840364666058357,-22.136469992,5.3186838433
Neomar,lampr,-0.0200732967867992,-0.00591970441319121,0.0768014632389823,-0.0673724030978514,0.00266499069951368,0.00424461065389945,-19.756466423,5.4212877379
Neomee,lampr,0.0111891289431451,-0.0129846262110155,0.00522248420280256,0.0865954768599368,0.00119462271834809,-0.00993283227584929,-19.600006023,6.9298780935
Neomod,lampr,-0.011239276145935,0.0111011411783318,0.110312353725871,-0.0270438077993678,0.003616446840255,0.00148364289499905,-14.158588293,7.2949915633
Neomon,lampr,0.0124644109691975,0.0175735595680174,0.0899885542207271,0.00505330374641622,0.00444647116357027,0.00533115731659068,-15.898229463,6.9737368979
Neomul,lampr,0.00535679915140621,-0.0260462661824558,0.025375488533652,0.0650964669885889,0.00889943101270104,-0.0120190018688181,-24.118217743,5.784079369
Neomux,lampr,-0.00539776837246341,-0.00677909232892217,0.0945907726445482,-0.0397708788960271,0.00492383712917325,0.0120603560777534,-16.421281645,6.7155008126
Neonig,lampr,0.0138703318184658,-0.0208376444555386,0.053094912030155,0.0396337462886392,0.0191910681362434,-0.00800921254865062,-19.751844751,7.1598761863
Neonve,lampr,0.0477523513681593,-0.00330013708572545,0.0725652951418637,0.0306884247768363,0.0117368409874252,0.0053080636252339,-20.540506395,7.88137305375
Neoobs,lampr,-0.00477011386518763,-0.0308957368317619,0.0239368055922932,0.0295767176272059,0.034736693615649,-0.0151766250658114,-20.67537555,7.5215844407
Neooli,lampr,0.00232230965773561,-0.00986623945884301,0.0430608879369586,0.0232649853056827,0.0091823582165846,0.00215118410312133,-22.025032118,5.7440560751
Neopec,lampr,0.0535374127205542,0.0294155027330967,0.0869613780643912,0.0240428656627228,0.00512188019739464,0.00870495868427705,-20.338985828,6.5930405276
Neopet,lampr,-0.0100272492365794,0.021234788747892,0.104859342332209,-0.0100469945740201,0.000895236348451088,-0.00296727011681281,-14.1875192,6.9077757649
Neople,lampr,0.0343192469639353,0.0114829027705499,-0.0119545600214093,0.119337950225897,-0.00292317148357149,-0.0157128231083779,-19.8912520525,8.89202021075
Neopro,lampr,-0.00157982116393692,-0.0505069657170996,0.0208899157001971,0.0387279717543134,0.0579923793235041,-0.00159227337696807,-18.436621906,7.4861155845
Neopul,lampr,-0.0114865308568666,-0.0153873581771334,0.0466246924569277,0.0191188319298942,0.01264749767112,-0.00137681994593328,-20.974341298,6.421560198
Neosav,lampr,-0.00775126088419344,-0.0279809042689441,0.0119412090770924,0.0203126279123456,0.0229014955911458,-0.00584491614029305,-18.525901943,6.8621952962
Neosex,lampr,-0.0207955994498945,-0.0366476167318847,0.0588253924691905,-0.00630017155406982,0.0187656046875331,-0.0126002688344989,-16.656257613,6.7921226653
Neosim,lampr,0.00765562608251137,-0.0264840107619715,0.0301190264544911,0.0815825073289962,0.00822171048607435,-0.00903627405496687,-22.417723948,5.314133353
Neospl,lampr,-0.00448146382596605,-0.0175115653467019,0.0239890998652711,0.0312456180272054,0.0146053733318397,-0.00706377585149703,-19.637577073,6.4183156622
Neotet,lampr,0.011970959425539,0.00897394290753867,0.0281920407800146,0.0429557091209474,0.00797412921688402,0.00381109906011234,-15.947125618,6.901891405
Neotim,lampr,0.0427496142709912,0.0137078418598578,0.0124430849301629,0.0646773412398524,0.0148727971888969,-0.000359810532143757,-18.744256178,6.8559593362
Neotoa,lampr,-0.00775237372292937,-0.0387934843046841,0.0496023112063324,-0.0194445607978043,0.0223076904009868,-0.00891364354578146,-18.062619597,6.6387615225
Neotre,lampr,-0.0126878676557991,-0.0108756595054425,0.125709589482418,0.00626006114694582,0.0139219370596033,0.00417435656359108,-16.701003734,6.1092506046
NeoveB,lampr,0.019428474986047,-0.0238746657831749,0.00376360728414614,0.0585320001329218,0.0149601346194604,-0.00314256774227617,-21.0990311566667,8.30498312
NeoveS,lampr,0.0144572861568663,-0.0167560749677521,0.0228687976382658,0.029081729818509,0.015438058337534,-0.00568081699698385,-20.6442703871429,7.955197662
Neowal,lampr,0.00190779428562611,-0.00883806191806988,0.0511345233236451,-0.0115521720297479,0.00969804007631653,-0.00485594336093004,-20.89217759,6.3708303817
Ophboo,ectod,-0.0232594238537666,-0.0154768535635334,0.0402363763686281,-0.0793831486601693,-0.0167041188719821,0.000215495639635749,-13.300530054,5.8669576503
Ophhet,ectod,-0.0170452681532812,-0.00822282883211222,NA,NA,-0.011753977705814,0.00778283899601124,NA,NA
Ophnas,ectod,-0.0219413336090228,-0.0177704290884119,0.0401654044678169,-0.101377680038965,-0.0115807852850695,0.000115328875364189,-17.34545847,6.5838192842
Ophpar,ectod,-0.00924784035962156,-0.0101982932056648,0.0508728818206671,-0.0963220457446587,-0.0129341905373667,0.000130395365164807,-14.673392701,6.4777925128
Ophven,ectod,-0.0217823600561926,-0.0268837379040381,0.0352827275165048,-0.0674589461117577,-0.0103583977998184,-0.00545276906459988,-17.733790721,5.7012493146
Ophwhi,ectod,-0.0168794557227772,-0.0265377814259777,0.0142688809549401,-0.0592438416014005,-0.0093995805852315,-0.00354414307678811,-14.547540514,7.2154109972
Oretan,oreoc,-0.0679388926170342,-0.0315566149002078,-0.0330091609675318,-0.136085756441208,-0.00627799205510993,0.00280748675328215,-18.129228262,5.3782881075
Pcybri,cypri,0.0661392960031058,-0.0155832038200501,-0.0580988003902341,0.0287555978527017,0.0424504595815957,0.0204688216806347,-21.970448914,6.5476729348
PcybrN,cypri,0.0728957357365919,-0.00984219666198492,-0.0919620393593428,0.0158908781219742,0.0419017360547524,0.0197755546990988,-21.798310143,7.5187558559
Pcynig,cypri,0.0639444775833686,-0.0156404126796859,-0.0415102633798737,0.0248385225060017,0.0458274366777435,0.0228163666284774,-20.87452631,6.9443881852
Perecc,peris,0.0335299106016324,-0.0079526135188153,-0.0137683913096303,0.0127844644608125,-0.0109519274921655,-0.0154144527270365,-19.26543372,9.2073424208
Permic,peris,0.0293630190730375,-0.00100809335289755,0.0266168653029068,0.0127442394620577,-0.0107305917117986,-0.0123246422527003,-16.135154945,9.230909871875
Peteph,troph,-0.0789903424040835,-0.00434937562624499,0.00475381445520877,-0.0878322767162373,-0.0240867019441792,-0.0082627121344463,-13.686714178,4.6855629576
Petfam,troph,-0.0880311974688044,-0.0118747545626136,0.00252927370373294,-0.120116228786745,-0.0203979199245294,-0.0135736929879752,-12.922966221,4.6986849107
Petfas,troph,-0.0533867118513672,-0.0165791063317802,-0.000378708151577106,-0.101308898126576,-0.00493966668207538,-0.00701702716062238,-14.626666837,5.2775791713
Petgia,troph,-0.0686063631983648,0.00216413795398232,-0.0338283290438465,-0.0833409847380341,-0.0252592009791562,-0.00763652443526311,-13.167944929,4.545915826
Pethor,troph,-0.0819368031908142,-0.0243022946820744,0.0133005116653286,-0.0983295281018767,-0.0205218170178797,-0.00826660154138472,-17.103297911,4.0779931262
Petiko,troph,-0.0651088413145042,0.00374442936981458,0.0368677434151584,-0.134380253520969,-0.0188070693674298,-0.00190661019578562,-11.320238054,4.25796998
Petkas,troph,-0.0766367101055389,-0.00700487382527031,0.00381088223087995,-0.0629719704066329,-0.0268407043960902,-0.00915054950545979,-14.043123258,4.406122167
Petkip,troph,-0.0717065910682011,-0.00432493618347314,-0.020200940518471,-0.0893674493563406,-0.0237008879964927,-0.00802132744879726,-14.436059172,3.6666194341
Petmac,troph,-0.0631092730251035,0.00672470974244853,-0.0135877311069558,-0.0402837728668512,-0.0282587469255018,-0.00601959882925428,-11.824113057,5.2376335736
Petmos,troph,-0.0752427155433532,0.000899991180608835,0.0239806755005339,-0.0918198895997738,-0.0265585426972462,-0.0116063585983758,-13.296661242,4.3118470801
Petort,troph,-0.0601769420321704,0.00101447128795154,0.0147654155244997,-0.13245123872583,-0.0164097091018035,-0.00517124514337386,-14.122394515,4.033207135
Petpol,troph,-0.076202498913129,-0.0117699117276324,-0.0116953177881069,-0.0720362369906261,-0.0221531744289402,-0.0124130736298938,-12.386883081,4.9169958137
Petrai,troph,-0.0701910448118113,0.00614213727901842,-0.0315856571023396,-0.082886984369352,-0.0277332333257186,-0.00775869584189034,-9.3865811023,4.4674231384
Petred,troph,-0.0825612010968688,-0.0142634438659514,0.0048739210181976,-0.0839139076349072,-0.0235057471744646,-0.0168211778258639,-17.582544574,4.6023057636
Pettex,troph,-0.0679065417944372,-0.00465176238513313,-0.024547310158872,-0.0818277493813338,-0.0218745009886613,-0.00919425947147731,-11.2396053826,4.5759126744
Pettre,troph,-0.0965315083247501,-0.00628249599297822,0.00242734843472322,-0.054880109720086,-0.0298769246842304,-0.00956550652638019,-14.964597436,4.6295727798
Pleela,peris,0.0332897002046807,0.00207680152009657,-0.0490087574605242,0.00336624397561143,-0.0142465896451254,-0.0106761367691851,-21.247532274,6.5883949833
Plemul,peris,0.0285092099941137,-0.00199321256573388,-0.0581573172604842,0.0198075513105081,-0.0130377642837546,-0.0224602397729448,-19.76044961625,8.99252679
Plepar,peris,0.0488162461352927,0.0199172099348058,0.00972415910400529,0.0479340231713303,-0.0140814791196496,-0.0121626841078435,-17.687188103,9.2866041463
Plestr,peris,-0.00703179344992875,-0.0271144291966048,-0.00677469830775606,0.0280286647816444,-0.00373646666391817,-0.0167153199482899,-18.611582794,9.3798571857
Psccur,troph,-0.0648616653550383,0.0376131142763718,-0.0287897056721936,-0.0587136936520444,-0.0311743249272298,0.0105723977811688,-10.3462564612,5.7502631332
Regcal,limno,0.0559805025278684,0.0174216147885724,-0.054024376641625,0.0430845301662324,0.0245236118736196,0.00198778758516379,-20.151183673,6.805555164
Simbab,troph,-0.0343128983148982,0.0207616318270761,0.038370767937481,-0.0784721429630325,-0.0233414432577247,0.00439855199254532,-16.118596041,7.1090096409
Simdia,troph,-0.0628485164866493,0.0237454070615236,0.0183797411269465,-0.0245674697887002,-0.0242678375215381,0.00406758005626149,-16.102383095,7.1974065294
Simmar,troph,-0.0450150053281182,0.025932342279462,-0.0251292847490563,-0.0913620158056489,-0.0290672205066669,0.00536962873203085,-13.704716878,5.0874673523
Simmrg,troph,-0.0549863116436598,0.0298579639607927,0.00369919606379757,-0.0838111522123934,-0.0322236824006378,0.00501099792443088,-14.107771795,4.84391155525
Simple,troph,-0.0513590050403551,0.0251735167989673,0.0151648488650327,-0.0760896678398744,-0.0265272038749433,0.000345557308994018,-15.225443381,6.2073898789
Spaery,eretm,-0.0281856598643546,0.0188070655906619,0.0501013942932499,-0.0595731083389154,-0.0048896828177799,0.0067186650213721,-13.910162481,5.959409266
Spamar,eretm,-0.0251091715087143,0.0308720245317071,0.0156779636640887,-0.101656705624859,-0.00183679730919776,0.00535311161204125,-13.737745273,4.6931582616
Tanirs,eretm,-0.0185309475976375,0.025596727419225,0.0538622493352767,-0.0361418518115935,-0.0100062257942203,0.00709185763409788,-13.757992093,5.4649571525
Tchdha,limno,0.029395425988832,-0.0264276318209773,-0.0594931985613338,0.00653985425942956,0.0181565417253121,-0.00178943542984962,-22.5244626366667,7.56827354433333
Telbif,lampr,0.0596435131947669,0.0528217066035757,0.100359160173438,0.0306973888160493,-0.0137882263075692,0.0111830035106371,-18.264788954,5.5139644195
Telbra,lampr,-0.0049935759704296,0.046258550101545,0.103099565000863,0.0143285117061411,-0.019559964596046,0.00912130925250266,-12.43791004,5.387960424
Telbri,lampr,0.0612750055284283,0.05066554725278,0.0479171086963218,0.0434945127403805,-0.0117597195882589,0.0120187470023752,-18.375009212,6.7521288141
TeldhN,lampr,0.0103111220819462,0.0201604644726319,0.080310223400545,0.0287347042004152,0.000590617264352772,0.00136062816099511,-21.0340066011111,6.79802530888889
TeldhS,lampr,-0.00370257364661713,0.00282499523928787,0.0507275965650805,0.0322113108932024,0.0112667835585722,-0.00914669622141474,-18.987625264,7.7104399593
TeldhT,lampr,0.00290148506584716,0.0189670025776807,0.0687776040844612,0.0263685770116395,0.00535850149265392,-0.00179901338081615,-17.521111031,6.8629227471
Tellon,lampr,0.0479388628692657,0.0735729179053536,-0.00464689743074953,0.0600096857674403,-0.00945462763689662,0.0109253143974551,NA,NA
Telshe,lampr,-0.00662095722369842,0.00823794139712014,0.0797274765459892,-0.00930688386846084,0.000187365165637277,-0.00460678303872274,-20.944933955,5.9649323845
TelteS,lampr,-0.00237680558083727,0.0188795559338383,0.0709424088280702,0.00732919272876669,-0.0023961657000866,0.000359277150294466,-16.703979989,6.4135936492
Telvit,lampr,0.0383084457320593,0.0637451191476437,0.0844725897638323,0.0323049213483812,-0.0217557576100411,0.0126033736296784,-15.9376263636,6.4322577449
Trecap,trema,0.0323555387481313,-0.0562927661246776,-0.14454470587212,-0.0109568281656968,0.00804778213131538,-0.038318864178917,-20.3404180866667,7.15467857866667
Tremac,trema,0.0242327898998418,-0.0256611507780072,-0.158005174359155,0.026915721360824,-0.00963241851019833,-0.046306461275775,-19.614414871,7.7518551758
Tremar,trema,0.0177294164265198,-0.0470543609781493,0.0139367348068142,0.00820951293023143,0.0131977295529199,0.00261739224157649,-15.8855126058333,6.20146924258333
Trenig,trema,0.0159948898182251,-0.0421844164026721,-0.0569222577856748,0.00151808739357002,0.00246069475276028,-0.0208196928378214,-19.291019177,7.5942136547
Trespn,trema,-0.00544230173760283,-0.0405523574303324,-0.0499427627941473,0.025948365816141,-0.0040739468961127,-0.0195514352241735,NA,NA
Tresti,trema,0.0206243094496752,-0.0685687621082779,-0.0707146907448784,0.0247851294098314,0.0111901508360002,-0.0227515955276865,-20.3030228116667,6.8272751365
Treuni,trema,-0.000841709201581141,-0.0525721820373109,0.00443783937421984,-0.0246267851410891,0.0122559414249269,-0.0124619412837465,-20.1635410322222,8.087422401
Trezeb,trema,0.0250528463163972,-0.0550151842691665,0.0159910563274453,0.0363065762756662,0.0126028068749264,-0.0172010590810468,-19.310457872,6.7453222131
Trioto,limno,-0.00151928237594323,0.00994028793890421,-0.0526702160787263,-0.0330538532668491,-0.00527935109538427,-0.0153771542016261,-21.016436272,6.6793779958
Trobri,troph,-0.0790075927823,0.0451075418764184,0.0423852437944456,-0.0594643008849948,-0.0405369377277367,0.0122485786998528,-15.519864534,4.9325116038
TrobrK,troph,-0.0865739917644787,0.0359327354720484,-0.00027136944205743,-0.0571576619399192,-0.0397964957778888,0.0151576350238798,-13.295745231,4.5380965604
Trodub,troph,-0.0803810593007307,0.0322847717573714,-0.00208296004773006,-0.0726976667960772,-0.0296471977434637,0.0100148562294412,-14.663716107,4.5092067195
Trokir,troph,-0.090704008232767,0.0437914592602781,0.0141889134647661,-0.0527276459484232,-0.0417673808024144,0.00997272073994059,-14.851553661,4.6000953282
Troluk,troph,-0.0899777827298442,0.0468289722750311,-0.00482880033231113,-0.0712657998540242,-0.0434338391721407,0.0095651206370723,-15.027696912,4.5319715612
Trolun,troph,-0.0915612907722675,0.0457878599347372,-0.0110365821937719,-0.0494608004793802,-0.0444369772267962,0.00789262108228843,-14.888938821,4.5136307959
Tromoo,troph,-0.0844216624648302,0.0449719658238198,-0.00102055705473954,-0.0509019472338254,-0.0437264250349357,0.00395455699148488,-14.947751656,5.7086927651
Tromor,troph,-0.0845166508521562,0.0516522497413256,-0.00606801626439018,-0.0385368159495701,-0.0417463104978307,0.00965518662342613,-14.402829287,4.5105987361
Trompi,troph,-0.0799038506898054,0.0458114056024794,-0.0124995723024682,-0.0467613855712111,-0.0412039038620022,0.0105055687696655,-11.7974899682,4.6111697421
Tronig,troph,-0.0761060495303794,0.0379601383524924,0.00290872904767953,-0.0407667503536568,-0.0373828822069534,0.00969080551552646,-16.650577051,6.2541323472
Tropol,troph,-0.0809563674287318,0.0553492259252211,-0.0329122389766825,-0.0486660145225917,-0.0467595617917013,0.00916220863562564,-12.372402919,4.3401134242
Trored,troph,-0.0902274316874056,0.0566366818423353,-0.000476980874118888,-0.0575297226188648,-0.0471510630360061,0.0104766945677612,-14.761594001,5.4558702939
Tylpol,tyloc,-0.0488051982072874,-0.0104962202948103,0.0190726424011261,-0.0997482634954525,0.00284091111513578,0.00445372892812976,-17.441677812,7.0081815744
Varmoo,lampr,-0.0364309131356317,-0.0180284730524948,0.0692644823003414,0.0109122373087099,0.000871849265069968,-0.00108890221192972,-16.8250351,6.966471413
Xchhec,peris,0.0136914672815386,-0.0172348691323299,-0.119212000701832,-0.0184055659281949,-0.00491626476034522,-0.0133905835534223,-20.243045246,7.0300926594
Xenbat,ectod,0.0474778683306373,0.0270365508753361,-0.00773680170860599,-0.0156828390661741,-0.0111385454706856,0.00730814407996439,-18.997644202,6.8790220726
Xenbou,ectod,0.0149418896495919,0.0168267563001326,-0.0393529560257748,-0.0395279568417679,-0.00851172625294767,0.0096264725515972,-16.045571509,6.4656948892
Xencau,ectod,0.00276718893255912,-0.00329175479354912,-0.0749825106771023,-0.00958091681399399,0.00172422305740336,0.00717915266225887,-19.58513861,7.7987860973
Xenfla,ectod,0.0455453813210617,0.0141502960729499,-0.030741677548315,0.0208747889885372,-0.00786539325869485,0.0101275062142767,-20.045689191,6.1425417596
Xenlon,ectod,0.0100388114300712,0.0175162787748484,-0.0282684781833808,0.00146838621328538,-0.016427519192315,0.00623970029218742,-21.026985742,9.2507014388
Xennas,ectod,0.0336483173089325,0.0165160481086984,-0.031042835560066,0.00216267021934601,-0.0144378670397426,0.0102311564634207,-19.72851964,8.6534243647
XenniS,ectod,0.0213104481640386,0.0341645449363129,-0.0230009082824499,0.00402980035174586,-0.0222344850146677,0.00984192084763387,-22.793585581,7.2829744633
Xenoch,ectod,0.0420039826878867,0.0329336225550313,-0.0355035696793984,-0.00989825789482198,-0.0114961478825903,0.00859795434927671,-18.602118322,7.9040498374
Xenorn,ectod,0.023054024109131,0.017483436926872,-0.0184516425532623,0.0285278608026567,-0.0188575196953976,0.00722547434561698,-21.929099134,8.6028094195
XenorS,ectod,0.0119282162421529,0.0202980997510416,0.0073203129427333,-0.0112533702908511,-0.023572156189029,0.00731832699356913,-19.46338049,9.018705248
XenpaK,ectod,0.0347585891051784,0.0204650692586623,0.0128268292553395,-0.000557005407664142,-0.0138851910728075,0.0107134101950986,-16.673741544,6.3094679868
Xenpap,ectod,0.0365816836100092,-0.00021009627749718,0.00820782391683794,-0.00744285970885528,-0.00217775879334371,0.0116411671977748,-19.994920706,6.7827452166
Xensim,ectod,0.0232626519038242,0.00970642231594821,-0.0556090680657796,-0.0448205125891329,-0.00666654255988316,-0.00210057481820518,-14.892661077,6.2040477141
Xensin,ectod,0.0334631641728897,0.0303301402383901,-0.0426513448102181,-0.0263666469632617,-0.00957365418892736,0.00655398763209988,-16.20436551,6.085035785
Xenspi,ectod,0.0134633458119875,-0.00318071697983775,-0.0204473400878101,-0.0206818216235995,-0.00254861217981285,0.00902668387641654,-15.368179777,6.7663169291
XenspN,ectod,0.019300820598617,0.00821241646954772,-0.0274244951641912,-0.0261361914122871,-0.00319452370776715,0.00975773416085235,-16.259191694,6.3470358832
Xensun,ectod,0.0322290493802694,0.0178628352671286,0.00174841249314449,0.00799814812922767,-0.0127153191105236,0.0142699219497305,-19.610637403,7.180835246
